"","widthRegime","k600_hat","k600_sd","lowerbound_k600","upperbound_k600"
"1","1",5.666775,20.2742592645202,0.1,176.93
"2","1.5",79.464785,653.9666717237,1.8,4117.80089
"3","2",3.02402,16.9883227177335,0.65492,143.40659
"4","3",2.03414,4.53699345759526,0.42775,24.31224
"5","4",2.23876,3.04497441477343,0.56413,20.62893
