"","model","r2","coef","slope"
"1","width",0.860223879551108,14.3559972565349,0.448667113801157
"2","depth",0.810207427425195,0.25216564876345,0.387531826528321
