"","sa_km2","length_km","model"
"1",343482.787794134,1417667.1291951,"swot"
"2",811000,443509286,"total"
