"","int","slope","r2","log_SE","name"
"1",281.504615159011,0.25,0.160495901583518,252.668679947949,"Rh=/=H"
"2",17.6975824341224,0.25,0.675603035866509,3.17322483391122,"Rh=H"
