"","name","r2","coef"
"1","Chainsaw",0.662920621371054,76.3994704826668
"2","Small-eddy",0.608187127806974,21.8433838269504
