"","name","r2","coef"
"1","reynolds-eS",0.662920621371054,76.3994704826668
"2","Small-eddy-eS",0.608187127806974,21.8433838269504
"3","reynolds-eD",0.69890317020481,62.816784026386
"4","Small-eddy-eD",0.633532522879447,17.750749200145
