"","name","r2","coef","slope1","slope2","slope3"
"1","reynolds-eS",0.398941675580799,1.67781108705542,0.521600930511222,0.660027163920875,NA
"2","Small-eddy-eS",0.302594952804485,1.45522296859602,0.44128097441855,0.492895401616467,NA
"3","reynolds-eD",0.500011808291956,1.68954622162208,0.430404984499581,0.308981457618034,0.520056231819785
"4","Small-eddy-eD",0.339018379261856,1.16087616264868,0.225964217096752,0.407363218917155,NA
