"","flag_swot","flag_depth","n","perc"
"1","Small","Rh=/=H",39437,28.2976357048039
"2","Small","Rh=H",99928,71.7023642951961
"3","SWOT","Rh=/=H",1818,5.5276840280945
"4","SWOT","Rh=H",31071,94.4723159719055
