"","int","slope","r2","log_SE","name"
"1",176.609976481065,0.712881809314302,0.725149094051508,0.361818207231705,"Rh=/=H"
"2",15.0370971288172,0.278424162649571,0.334025147813902,0.282160508589313,"Rh=H"
