"","int","slope","r2","log_SE","name"
"1",774.858966261349,1,0.244767297544228,5.47918634430166,"Rh=/=H"
"2",56.0293951600083,1,0.697557260640512,1.11971037074964,"Rh=H"
