"","key","sumFCO2"
"1","FCO2_BIKER",2358.02887199021
"2","FCO2_Lauerwald2015",2721.93949062236
"3","FCO2_raymond2012",1724.69291310603
"4","FCO2_raymond2013",2310.25400006137
"5","FCO2_ulset",1866.60516679338
