"","key","sumFCO2"
"1","FCO2_BIKER",514.216762391445
"2","FCO2_Lauerwald2015",1134.32907496581
"3","FCO2_raymond2012",837.025904925628
"4","FCO2_raymond2013",871.520800903116
"5","FCO2_ulset",2249.54837022944
