"","key","sumFCO2"
"1","FCO2_BIKER",2524.5656515748
"2","FCO2_Lauerwald2015",2933.19297829526
"3","FCO2_raymond2012",1858.54871493911
"4","FCO2_raymond2013",2489.55600754708
"5","FCO2_ulset",2011.47497486659
