"","key","sumFCO2"
"1","FCO2_BIKER",2405.61686527359
"2","FCO2_horgby2019",1305.04591726716
"3","FCO2_lauerwald2015",3069.67198623987
"4","FCO2_obs",2098.42706274941
"5","FCO2_raymond2012",1948.52325299747
"6","FCO2_raymond2013",2608.82346182062
