"","key","sumFCO2"
"1","FCO2_BIKER",291.206325954598
"2","FCO2_horgby2019",591.146938989582
"3","FCO2_lauerwald2015",258.34954937151
"4","FCO2_obs",302.768432002933
"5","FCO2_raymond2012",398.179165684414
"6","FCO2_raymond2013",277.026233930738
