"","key","sumFCO2","medianFCO2"
"1","FCO2_BIKER",6.84392972436502,4.085568212786
"2","FCO2_BIKER_high",8.58241719304966,5.24667224191798
"3","FCO2_BIKER_low",5.40394435184545,3.1701992888104
"4","FCO2_brinkerhoff2019",5.80793099908473,3.87312398636801
"5","FCO2_obs",5.14275286672338,3.47499328444477
"6","FCO2_raymond2012",5.30006132491497,3.52325327090766
"7","FCO2_raymond2013",6.49141096388031,4.33161511624362
