"","key","yearlyCFux"
"1","FCO2_BIKER",9.79611423072499
"2","FCO2_BIKER_high",12.4320051498681
"3","FCO2_BIKER_low",7.64166874463918
"4","FCO2_brinkerhoff2019",15.2786886122847
"5","FCO2_brinkerhoff2019_high",17.6099531841627
"6","FCO2_brinkerhoff2019_low",12.7713708439876
"7","FCO2_obs",9.3467493762209
"8","FCO2_raymond2012",11.7144679381913
"9","FCO2_raymond2013",14.799741663148
