"","key","sumFCO2","medianFCO2"
"1","FCO2_BIKER",5.66683220190404,3.259807556682
"2","FCO2_BIKER_high",7.07798215675695,4.13415089125072
"3","FCO2_BIKER_low",4.48967570051488,2.57978114074122
"4","FCO2_brinkerhoff2019",5.0879532151623,3.46423900598335
"5","FCO2_obs",4.29817653411054,3.13226414907499
"6","FCO2_raymond2012",4.64003663584432,3.20418258008684
"7","FCO2_raymond2013",5.75234437055185,3.96039115165669
