"","key","sumFCO2","medianFCO2"
"1","FCO2_BIKER",4.19830135964321,2.41905295709118
"2","FCO2_BIKER_high",5.23333110889318,3.00891896241243
"3","FCO2_BIKER_low",3.33209490313032,1.85865214236407
"4","FCO2_brinkerhoff2019",3.38495087474034,2.16918098504625
"5","FCO2_obs",3.15202589893691,2.17556046851842
"6","FCO2_raymond2012",2.80567357211427,1.83110012972795
"7","FCO2_raymond2013",4.18975684630072,2.6652517554068
