"","key","sumFCO2","medianFCO2"
"1","FCO2_BIKER",3.44766357522438,2.15056653409076
"2","FCO2_brinkerhoff2019",2.69954135770719,1.80936205955961
"3","FCO2_obs",2.58326891969835,1.85230010370952
"4","FCO2_raymond2012",2.3984686994817,1.61398319013653
"5","FCO2_raymond2013",3.21119136947158,2.1488303977126
