"","key","yearlyCFux"
"1","FCO2_BIKER",7.86795083431981
"2","FCO2_BIKER_high",9.96505648475222
"3","FCO2_BIKER_low",6.12664786863396
"4","FCO2_brinkerhoff2019",12.2157225522903
"5","FCO2_brinkerhoff2019_high",14.220293525677
"6","FCO2_brinkerhoff2019_low",10.0657012419444
"7","FCO2_obs",6.90088502962567
"8","FCO2_raymond2012",9.32306997771617
"9","FCO2_raymond2013",11.1111366436633
