"","key","sumFCO2","low","high"
"1","FCO2_BIKER",1113.2057514854,1538.81184084082,833.740891813097
"2","FCO2_Lauerwald2015",929.925824545368,759.903916923495,840.094740771806
"3","FCO2_raymond2012",798.955102633216,NA,NA
"4","FCO2_raymond2013",836.923636536429,NA,NA
"5","FCO2_ulset",1118.81576045667,NA,NA
