"","meanSigma","medianSigma"
"1",1.31497427167012,1.31496306845693
