"","river","timestep","sa","FCO2_obs","FCO2_BIKER","FCO2_BIKER_low","FCO2_BIKER_high","FCO2_raymond2012","FCO2_raymond2013","FCO2_brinkerhoff2019"
"1","Olentangy",1,217698.617258449,0.354356442569193,0.59997107928567,0.488680435319452,0.733079756771026,0.247875087819872,0.319514021739709,0.179871104426163
"2","Olentangy",2,217698.617258449,0.479848248591286,0.716520979466636,0.566554985936356,0.8987466893038,0.383443912709289,0.408941280563203,0.296915986732975
