"","river","timestep","sa","FCO2_obs","FCO2_BIKER","FCO2_BIKER_low","FCO2_BIKER_high","FCO2_raymond2012","FCO2_raymond2013","FCO2_brinkerhoff2019"
"1","SanJoaquinRiver2",1,5729331.1566084,0.283893285281579,0.476793088116929,0.306155539116544,0.705192549091298,0.265186727808944,0.419012945637936,0.234339280515104
"2","SanJoaquinRiver2",2,5729331.1566084,0.455559847604556,0.640084253299437,0.491220352436579,0.833599375493444,0.448954921435567,0.502309225859188,0.44684414286274
