"","river","timestep","sa","FCO2_obs","FCO2_BIKER","FCO2_BIKER_low","FCO2_BIKER_high","FCO2_raymond2012","FCO2_raymond2013","FCO2_lauerwald2015","FCO2_horgby2019"
"1","Severn",1,3447013.98868302,0.852989734661346,0.482844212289517,0.566870272627312,0.411515499325856,0.912371746401062,0.577565364086135,0.679882379793697,1.17477476818763
"2","Severn",2,3447013.98868302,0.548855930671849,0.38872550899307,0.45074166449714,0.335070195233253,0.729285924409631,0.639272094371502,0.499555840711811,1.01700981665189
"3","Severn",3,3447013.98868302,0.365650480233462,0.236502738300804,0.271799742563904,0.208241509358929,0.490706824370395,0.440533968964245,0.334079485436834,0.688294373877381
"4","Severn",4,3447013.98868302,0.741136526591784,0.457369505376029,0.52397934055423,0.401195337444609,0.906769536019,0.719447259063561,0.637386324181812,1.2339584123902
"5","Severn",5,3447013.98868302,0.620177193511984,0.596599385227081,0.686482836200199,0.517934858455732,0.956177497989945,0.995085394460693,0.626532903310172,1.39071440602033
"6","Severn",6,3447013.98868302,0.806806342101287,0.504295872557443,0.576385269016642,0.444347549748903,0.963060309704415,0.737765963482071,0.683122624644642,1.29934696459081
"7","Severn",7,3447013.98868302,0.747521372741091,0.439207061890702,0.512952256461027,0.379732659644363,0.833771567841748,0.576286418247042,0.607355024796332,1.09692449573626
"8","Severn",8,3447013.98868302,0.579780875721446,0.321637758157454,0.376268145024073,0.27722460460081,0.637617107690772,0.427797395674986,0.468053466660949,0.832770915994356
