"","river","timestep","sa","FCO2_obs","FCO2_BIKER","FCO2_BIKER_low","FCO2_BIKER_high","FCO2_raymond2012","FCO2_raymond2013","FCO2_brinkerhoff2019"
"1","AshSlough",1,399478.7841752,0.868990697814178,2.76009993062218,2.19165809528591,3.50128164912444,0.999730923287436,1.38720109975469,0.929978558091724
"2","AshSlough",2,399478.7841752,1.36863021710874,3.3380124877534,2.64356285526146,4.22755866137856,1.66320220326515,1.84592744776127,1.67051955359558
