"","river","timestep","sa","FCO2_obs","FCO2_BIKER","FCO2_BIKER_low","FCO2_BIKER_high","FCO2_raymond2012","FCO2_raymond2013","FCO2_brinkerhoff2019"
"1","FresnoRiver",1,930685.310483719,0.762525217670079,0.393450637479315,0.338645379799189,0.454461421855037,0.786904302336211,1.16780354969138,0.751703492990835
"2","FresnoRiver",2,930685.310483719,1.53519327330271,1.65651561210567,1.26709304055171,2.13713199388395,1.48999161876445,1.48033019672357,1.50621007669618
