"","river","timestep","sa","FCO2_obs","FCO2_BIKER","FCO2_BIKER_low","FCO2_BIKER_high","FCO2_raymond2012","FCO2_raymond2013","FCO2_brinkerhoff2019"
"1","AshSlough",1,399478.7841752,1.01462832387443,0.607607323997284,0.520738081168439,0.701511014748621,1.13559553416372,1.63915683906214,1.0862054684605
"2","AshSlough",2,399478.7841752,1.91432620555483,3.51230794857349,2.59249759857906,4.68869114633237,2.14257299727085,2.15908956269587,2.1559041187159
