"","river","timestep","sa","FCO2_obs","FCO2_BIKER","FCO2_BIKER_low","FCO2_BIKER_high","FCO2_raymond2012","FCO2_raymond2013","FCO2_brinkerhoff2019"
"1","MariposaBypass",1,864726.8479622,0.561399356944255,0.369663157402719,0.310760426097168,0.435765046950493,0.571410262131519,0.910728489278788,0.548727745705155
"2","MariposaBypass",2,864726.8479622,1.07694712169246,1.27517779806067,0.983496203994332,1.62296899685953,1.28542926570363,1.22397598864953,1.32742819970079
