"","river","timestep","sa","FCO2_obs","FCO2_BIKER","FCO2_BIKER_low","FCO2_BIKER_high","FCO2_raymond2012","FCO2_raymond2013","FCO2_brinkerhoff2019"
"1","Olentangy",1,217698.617258449,0.237345911018833,0.370577481843434,0.32127938691585,0.422964026311272,0.268401234654973,0.352079959944263,0.228877965825965
"2","Olentangy",2,217698.617258449,0.38621245767849,0.951466758441764,0.760546868662697,1.18188875926254,0.426210062378645,0.447768173227806,0.374991394885302
