"","river","timestep","sa","FCO2_ulset","FCO2_BIKER","FCO2_BIKER_low","FCO2_BIKER_high","FCO2_raymond2012","FCO2_raymond2013","FCO2_Lauerwald2015"
"1","SanJoaquin",1,19037597.0290515,1.26959681592601,1.08355350331545,0.780708596337654,1.46948313246802,1.22893124414472,1.70618346560132,1.81081492239595
"2","SanJoaquin",2,19037597.0290515,1.67647714844919,1.65503052257813,1.36280754770142,1.99196536111576,1.99817971029107,2.38417242845916,3.05755627929274
