"","river","timestep","sa","FCO2_obs","FCO2_BIKER","FCO2_BIKER_low","FCO2_BIKER_high","FCO2_raymond2012","FCO2_raymond2013","FCO2_brinkerhoff2019"
"1","StanislausRiver",1,4198504.19135723,0.624619711250996,0.243775155338803,0.205394453246798,0.285753329680805,0.509764122115137,0.704056627086849,0.502679848265603
"2","StanislausRiver",2,4198504.19135723,0.599160017750629,0.715931039082367,0.550078046273449,0.917484977268146,0.9077302035371,0.943021171936829,0.931730998008944
