"","river","timestep","sa_m2","FCO2_obs","FCO2_BIKER","FCO2_BIKER_low","FCO2_BIKER_high","FCO2_raymond2012","FCO2_raymond2013","FCO2_brinkerhoff2019"
"1","Platte",1,51110790.2096178,104.08443178497,381.510018601038,337.655964386198,429.755701604305,240.760453242839,281.352932224536,211.805853833986
"2","Platte",2,51110790.2096178,236.060415459844,379.606456098598,315.04146302551,453.683384685943,570.063375886674,672.82276892726,528.580513785309
