"","river","timestep","sa","FCO2_ulset","FCO2_BIKER","FCO2_BIKER_low","FCO2_BIKER_high","FCO2_raymond2012","FCO2_raymond2013","FCO2_Lauerwald2015"
"1","MercedRiver",1,4615956.89489445,1.72388334228724,2.9996964156386,2.28781009327172,3.80827753020916,1.32065240218043,1.81619432571565,1.84876167861107
"2","MercedRiver",2,4615956.89489445,1.89474645109174,2.82378027982175,2.28479445391096,3.40718393734774,1.93520608182441,2.20463529981295,2.84422831801922
