"","river","timestep","sa","FCO2_ulset","FCO2_BIKER","FCO2_BIKER_low","FCO2_BIKER_high","FCO2_raymond2012","FCO2_raymond2012_low","FCO2_raymond2012_high","FCO2_raymond2013","FCO2_raymond2013_low","FCO2_raymond2013_high","FCO2_Lauerwald2015","FCO2_Lauerwald2015_low","FCO2_Lauerwald2015_high"
"1","Severn",1,3447013.98868302,3.30669989744375,0.857101080648593,1.34627694537468,0.590934966559144,2.57728759009047,2.41846454670454,2.74654082556888,2.0251099542916,2.29998531473759,2.43416431320119,2.36612381949009,2.29998531473759,2.43416431320119
"2","Severn",2,3447013.98868302,1.61543327192026,0.792270872193187,1.25768998959234,0.529446968012335,1.51740700625845,1.38989514340886,1.65661905376144,1.75531361526364,1.65307541939056,1.83620426362821,1.74223435205375,1.65307541939056,1.83620426362821
"3","Severn",3,3447013.98868302,1.11572259294888,0.511150571037777,0.788642205202583,0.361461484758913,1.05189238047593,0.962343187166697,1.14977444984235,1.24008501342545,1.15729384536874,1.28856007400749,1.22116444618588,1.15729384536874,1.28856007400749
"4","Severn",4,3447013.98868302,2.3613780607591,0.918184748654943,1.43386385072095,0.621512018207615,2.11587424779352,1.95280916740005,2.29255632420148,2.16765137828242,2.16530645205643,2.3689714672589,2.2648505153079,2.16530645205643,2.3689714672589
"5","Severn",5,3447013.98868302,1.96013634211631,1.15430975665943,1.8217294004836,0.778924994471545,1.92608838668573,1.74323776649746,2.1281185801112,2.69829443033231,2.31605620976349,2.63491666541128,2.47034709382275,2.31605620976349,2.63491666541128
"6","Severn",6,3447013.98868302,2.49945077984178,0.974307598101689,1.50483201641983,0.666087661423483,2.21044649737492,2.04537123026197,2.38884495847106,2.17290073619868,2.2143670093471,2.41015661834353,2.31018834201263,2.2143670093471,2.41015661834353
"7","Severn",7,3447013.98868302,2.51244775273171,0.812529535139644,1.30470978949213,0.539982094844264,2.08740777490438,1.94691285226373,2.23804140015618,1.80735608299286,1.95854255996456,2.09813486909871,2.02713741742309,1.95854255996456,2.09813486909871
"8","Severn",8,3447013.98868302,2.02199263992607,0.603353532246155,0.951834793567054,0.404637730772519,1.64170345751991,1.53404246380558,1.75692041559438,1.38001451299968,1.5170209500625,1.61914322259799,1.56725043746718,1.5170209500625,1.61914322259799
