"","river","timestep","sa","FCO2_obs","FCO2_BIKER","FCO2_BIKER_low","FCO2_BIKER_high","FCO2_raymond2012","FCO2_raymond2013","FCO2_brinkerhoff2019"
"1","TuolumneRiver",1,4342451.80090943,0.38830911526542,0.173632964198806,0.0940730016765368,0.291970156679884,0.501386690767811,0.712884857749873,0.538473653433122
"2","TuolumneRiver",2,4342451.80090943,0.33260118637158,0.273467364342348,0.194778909677223,0.377405045952277,0.566794764960558,0.769907320310949,0.618354377235066
