"","river","timestep","sa","FCO2_ulset","FCO2_BIKER","FCO2_BIKER_low","FCO2_BIKER_high","FCO2_raymond2012","FCO2_raymond2013","FCO2_Lauerwald2015"
"1","TuolumneRiver",1,4264872.03353036,1.12811351621789,0.573858495485906,0.399772549623332,0.810443567005166,1.36704708991707,1.76581293762628,2.03060599716648
"2","TuolumneRiver",2,4264872.03353036,1.02536189554456,0.887851174231727,0.71040651940371,1.10993510753443,1.55642937327143,1.94475828752783,2.33187285946254
