"","river","timestep","sa","FCO2_obs","FCO2_BIKER","FCO2_BIKER_low","FCO2_BIKER_high","FCO2_raymond2012","FCO2_raymond2013","FCO2_lauerwald2015","FCO2_horgby2019"
"1","GrantLineCanal",1,2098202.1007299,0.204960769536582,0.114388503197524,0.210004871227015,0.0637636300326295,0.285810442353704,0.212029517300008,0.194704862458693,0.400657778362918
"2","GrantLineCanal",2,2098202.1007299,0.145181488577339,0.0737375467303728,0.131131103246946,0.0420883115440761,0.182164722641627,0.151245737600372,0.12053755134777,0.262503492007076
