"","river","timestep","sa_m2","FCO2_obs","FCO2_BIKER","FCO2_BIKER_low","FCO2_BIKER_high","FCO2_raymond2012","FCO2_raymond2013","FCO2_brinkerhoff2019","FCO2_brinkerhoff2019_low","FCO2_brinkerhoff2019_high"
"1","Severn",1,3405384.71155507,1050.50463129752,1362.93002014495,1282.41148611725,1448.7313112518,950.394895144849,1108.46194485896,1081.64598810007,NA,1995.77627848492
"2","Severn",2,3405384.71155507,1528.37601153415,2549.0579198352,2114.08647277009,3060.24810440319,1173.75134080041,1380.69633296803,1382.01252552509,532.587163753787,2111.43735533285
"3","Severn",3,3405384.71155507,1433.22807501431,2046.73249975634,1686.49074960494,2461.5523505387,968.012333442364,1150.97084774478,1166.95800815556,677.573381433411,1611.46565222448
"4","Severn",4,3405384.71155507,3367.12035532545,3163.70462539655,2591.58946976049,3813.34703945514,1994.46962722715,2401.36331474069,2453.68650604362,1687.77259179512,3162.77458175499
"5","Severn",5,3405384.71155507,2048.89886969216,3792.39893692839,3121.96217362292,4527.08224554051,1644.18906386692,1928.89539719256,1920.31261962067,544.236568704233,3053.93434984975
"6","Severn",6,3405384.71155507,1559.80882977944,2874.85540645102,2328.59628735041,3506.35059156466,1312.06157579123,1535.0934710676,1517.71057498892,104.860621330599,2542.00080181279
"7","Severn",7,3405384.71155507,1036.2518083372,2301.65547930469,1883.42962378206,2819.01864514685,937.500320690511,1093.42278045393,1066.97065177614,NA,1968.69839123132
