"","river","timestep","sa","FCO2_obs","FCO2_BIKER","FCO2_BIKER_low","FCO2_BIKER_high","FCO2_raymond2012","FCO2_raymond2013","FCO2_brinkerhoff2019"
"1","BerendaSlough",1,605715.2049756,0.634512486627988,0.419432927321702,0.361742372496579,0.484090438683256,0.684834587661856,0.968406753485568,0.637331617880065
"2","BerendaSlough",2,605715.2049756,1.16383526118267,1.50532983174369,1.19649514866849,1.8971679433009,1.21760095465956,1.2337461713925,1.18771299778382
