"","river","timestep","sa","FCO2_obs","FCO2_BIKER","FCO2_BIKER_low","FCO2_BIKER_high","FCO2_raymond2012","FCO2_raymond2013","FCO2_brinkerhoff2019"
"1","SanJoaquin",1,18434115.0885987,0.681540677703359,0.749882683961807,0.636400294558809,0.879426743273424,0.677101046229622,0.801470721405219,0.691031954066444
"2","SanJoaquin",2,18434115.0885987,0.891962466259981,0.981678100517993,0.78757931251345,1.2097579424648,1.20462908957947,1.44267879984647,1.27150821953346
