"","river","timestep","sa","FCO2_ulset","FCO2_BIKER","FCO2_BIKER_low","FCO2_BIKER_high","FCO2_raymond2012","FCO2_raymond2013","FCO2_Lauerwald2015"
"1","MariposaBypass",1,878386.784989067,1.45357194029412,2.66540819464453,2.06377766471946,3.43011454047685,1.34552735995282,2.01754842855099,1.8461177687829
"2","MariposaBypass",2,878386.784989067,2.22492422329484,3.72014001160248,2.90950939351601,4.61396579996668,2.48311859456304,2.70341548623155,3.70090499772274
