"","river","timestep","sa","FCO2_obs","FCO2_BIKER","FCO2_BIKER_low","FCO2_BIKER_high","FCO2_raymond2012","FCO2_raymond2013","FCO2_lauerwald2015","FCO2_horgby2019"
"1","ChowchillaCanal",1,3032696.80171949,0.158964119100762,0.101435917270829,0.129938400574701,0.0793705768470994,0.182217941547079,0.107076478267108,0.144143726094313,0.221715847208023
"2","ChowchillaCanal",2,3032696.80171949,0.143305703047685,0.106015907269779,0.124259117560122,0.0905440908830331,0.124988015849911,0.124965373996606,0.0861855129373637,0.173209980249826
