"","river","timestep","sa","FCO2_obs","FCO2_BIKER","FCO2_BIKER_low","FCO2_BIKER_high","FCO2_raymond2012","FCO2_raymond2013","FCO2_brinkerhoff2019"
"1","ChowchillaCanal",1,3032696.80171949,0.250764956019722,0.368817474666116,0.263059735095186,0.509044301838175,0.199861713591056,0.415206082874482,0.15986286679087
"2","ChowchillaCanal",2,3032696.80171949,0.478133293337138,0.654530937349454,0.5179294130487,0.817939016384919,0.577155259956629,0.577280659227409,0.593272802971651
