"","river","timestep","sa","FCO2_obs","FCO2_BIKER","FCO2_BIKER_low","FCO2_BIKER_high","FCO2_raymond2012","FCO2_raymond2013","FCO2_lauerwald2015","FCO2_horgby2019"
"1","Olentangy",1,217698.617258449,0.114574799031424,0.0756033069083483,0.0903819927133049,0.0640066368219328,0.144039811576282,0.119789644513679,0.120186254969538,0.166624910241404
"2","Olentangy",2,217698.617258449,0.136919660745591,0.108041381952082,0.128352082234264,0.0916761757894398,0.158216903771298,0.150983437205077,0.127402023972134,0.189297865007212
