"","river","timestep","sa","FCO2_ulset","FCO2_BIKER","FCO2_BIKER_low","FCO2_BIKER_high","FCO2_raymond2012","FCO2_raymond2013","FCO2_Lauerwald2015"
"1","StanislausRiver",1,4184280.70531469,1.23769452758742,0.899214242829779,0.656659789694548,1.21374060426537,1.02490120191077,1.40771137295522,1.44937152089836
"2","StanislausRiver",2,4184280.70531469,1.18253185593727,1.45375786450985,1.22966167682938,1.72978754832142,1.6497662740615,1.89848687928239,2.44200368675592
