"","river","timestep","sa","FCO2_obs","FCO2_BIKER","FCO2_BIKER_low","FCO2_BIKER_high","FCO2_raymond2012","FCO2_raymond2013","FCO2_lauerwald2015","FCO2_horgby2019"
"1","Severn",1,3447013.98868302,5.68200143129332,6.00598899257046,5.40245855544489,6.63491160122129,5.31218652083704,8.39158508213707,7.12871672699467,4.12563243991138
"2","Severn",2,3447013.98868302,8.19413105205427,10.3132986433806,8.93570557799066,11.7715652913527,6.16685071532549,7.03518496148958,9.00279219679236,4.42217700457237
"3","Severn",3,3447013.98868302,6.00997919863878,8.80500982852357,7.77756122865278,9.928620427213,4.47833955232836,4.98838213394106,6.57793092952692,3.19274988083351
"4","Severn",4,3447013.98868302,8.79903388067258,13.3184073885985,11.690978163469,14.9910667185485,7.19177822880505,9.06429946814067,10.2312916990433,5.28485023660827
"5","Severn",5,3447013.98868302,15.5710702317589,14.7907185288729,12.9748463773422,17.0026692614193,10.0994037787028,9.70451650689128,15.4131133182155,6.94378557848133
"6","Severn",6,3447013.98868302,8.78605899743034,13.0036473994425,11.4403598045578,14.7528342452182,7.36054434989491,9.60826125367214,10.3768311361234,5.45554675877912
"7","Severn",7,3447013.98868302,6.30538826471803,9.50042746725508,8.32761539087072,10.8218949769441,5.65312211773838,8.1789407871956,7.76055568633546,4.29693430097384
"8","Severn",8,3447013.98868302,4.48168099619572,7.13084788164823,6.20890092872471,8.13087992499794,4.07516188216624,6.07388674860615,5.55148742133078,3.12017732941112
