"","river","timestep","sa","FCO2_ulset","FCO2_BIKER","FCO2_BIKER_low","FCO2_BIKER_high","FCO2_raymond2012","FCO2_raymond2013","FCO2_Lauerwald2015"
"1","SanJoaquin",1,19037597.0290515,1.26959681592601,1.1711942470431,0.872991429762551,1.51758903330299,1.22893124414472,1.70618346560132,1.81081492239595
"2","SanJoaquin",2,19037597.0290515,1.67647714844919,1.68760572750567,1.43509612574885,2.00751472193077,1.99817971029107,2.38417242845916,3.05755627929274
