"","river","timestep","sa","FCO2_ulset","FCO2_BIKER","FCO2_BIKER_low","FCO2_BIKER_high","FCO2_raymond2012","FCO2_raymond2013","FCO2_Lauerwald2015"
"1","Olentangy",1,209561.514583056,1.06579291202145,1.34041304994569,1.11352467507989,1.61271689531538,0.84777262180258,1.01939536760233,1.01603139839014
"2","Olentangy",2,209561.514583056,1.45837749492282,1.78095832207619,1.44116041878947,2.16159494750166,1.26206838260768,1.32253282572059,1.56732637063531
