"","river","timestep","sa","FCO2_obs","FCO2_BIKER","FCO2_BIKER_low","FCO2_BIKER_high","FCO2_raymond2012","FCO2_raymond2013","FCO2_brinkerhoff2019"
"1","MiddleRiver",1,846470.536589752,0.10059829524364,0.111185557798139,0.0727909515401608,0.175417571067511,0.0672191422903033,0.0946697025248191,0.0602012380176733
"2","MiddleRiver",2,846470.536589752,0.259256942226193,0.3395732342904,0.226262689347856,0.521542965271618,0.195342160246044,0.231217314993502,0.185706378476345
