"","river","timestep","sa","FCO2_obs","FCO2_BIKER","FCO2_BIKER_low","FCO2_BIKER_high","FCO2_raymond2012","FCO2_raymond2013","FCO2_brinkerhoff2019"
"1","TuolumneRiver",1,4342451.80090943,0.609339634753519,0.673863019959735,0.566424265032386,0.79908664664533,0.759454675863789,0.90346758514616,0.78194284194837
"2","TuolumneRiver",2,4342451.80090943,0.550992056943469,0.607564996639425,0.426138485203912,0.856181375885227,0.89794551476268,1.06952684557675,0.931532575559133
