"","river","timestep","sa","FCO2_ulset","FCO2_BIKER","FCO2_BIKER_low","FCO2_BIKER_high","FCO2_raymond2012","FCO2_raymond2013","FCO2_Lauerwald2015"
"1","SanJoaquinRiver2",1,5211973.68468999,0.882714303749246,1.10257871773501,0.857698578705824,1.38851781824757,0.838775466064135,1.17025450340556,1.11969700434376
"2","SanJoaquinRiver2",2,5211973.68468999,1.32677042990341,1.61108568352687,1.38198333709848,1.85742447834035,1.31649888380459,1.42845019913383,1.87578999052896
