"","river","timestep","sa","FCO2_obs","FCO2_BIKER","FCO2_BIKER_low","FCO2_BIKER_high","FCO2_raymond2012","FCO2_raymond2013","FCO2_lauerwald2015","FCO2_horgby2019"
"1","AshSlough",1,399478.7841752,2.55392047014669,4.3356309970143,3.4866698020843,5.37053240611803,2.93815949473881,4.07691508526492,4.01315021905667,2.2440075189843
"2","AshSlough",2,399478.7841752,4.02577207136852,6.48500914587351,5.24673270745765,7.96462485106114,4.89224400809168,5.42972314367618,7.07926498270461,3.53758127583062
