"","river","timestep","sa","FCO2_obs","FCO2_BIKER","FCO2_BIKER_low","FCO2_BIKER_high","FCO2_raymond2012","FCO2_raymond2013","FCO2_brinkerhoff2019"
"1","SanJoaquin",1,18434115.0885987,0.431989890018318,0.578815315838897,0.417481897154298,0.800398855992709,0.418153122580839,0.580541789653591,0.430278128415708
"2","SanJoaquin",2,18434115.0885987,0.569947141314402,0.661981681016323,0.541982356478345,0.819036636067042,0.679315441171583,0.810540281600565,0.734914109724638
