"","river","timestep","sa","FCO2_obs","FCO2_BIKER","FCO2_BIKER_low","FCO2_BIKER_high","FCO2_raymond2012","FCO2_raymond2013","FCO2_lauerwald2015","FCO2_horgby2019"
"1","Platte",1,60496926.740367,0.140401354214451,0.0422143428331628,0.0635917703316129,0.0288007514439249,0.0708308184254981,0.0433126801014885,0.0535853627947389,0.0898161863079398
"2","Platte",2,60496926.740367,0.119674667947756,0.0806612980040667,0.102708175538624,0.0618731482988111,0.0577042498777254,0.055458481727815,0.0389426327822047,0.0816139136718647
