"","river","timestep","sa_m2","FCO2_obs","FCO2_BIKER","FCO2_BIKER_low","FCO2_BIKER_high","FCO2_raymond2012","FCO2_raymond2013","FCO2_brinkerhoff2019","FCO2_brinkerhoff2019_low","FCO2_brinkerhoff2019_high"
"1","Brahmaputra",1,708911109.254286,52.92489896166,206.55552401827,185.805222014706,229.157823915569,154.018292029555,178.247871833127,198.723211830748,154.056589804664,240.559159257468
"2","Brahmaputra",2,708911109.254286,72.9520508581564,78.6787185729989,59.6745002889923,100.777376933231,164.824234688449,188.995854941656,210.850598996346,152.52555960856,265.356847838385
"3","Brahmaputra",3,708911109.254286,221.01472333374,208.929935984171,158.967426189693,269.718734787116,499.419143814229,608.334165996712,663.858405424556,587.766411042738,735.114167334964
"4","Brahmaputra",4,708911109.254286,64.7771297895034,72.4371895128065,55.2929874812099,93.7916836124632,190.658317635119,220.607852067835,246.344822676961,191.752953813373,297.466742897003
"5","Brahmaputra",5,708911109.254286,167.048815932559,131.965764240717,95.5598007946365,179.066903374183,223.235094734853,253.031208143443,280.475047705557,155.651458410526,394.513933101428
"6","Brahmaputra",6,708911109.254286,122.180675499834,85.3580675069118,58.6843600229281,121.291692451448,165.795938528251,187.381452937577,207.076180047663,97.8715924362664,304.919199124797
"7","Brahmaputra",7,708911109.254286,136.373830241234,85.548769480822,53.4706625311476,130.553230122851,185.427547754817,209.347130236603,230.837012747939,96.153243439782,349.520120812682
"8","Brahmaputra",8,708911109.254286,198.169409257438,114.783509149338,62.5956590053035,183.626905829629,266.988706634744,301.327555965405,331.803157135559,127.146933773622,510.128461914131
