"","river","timestep","sa","FCO2_obs","FCO2_BIKER","FCO2_BIKER_low","FCO2_BIKER_high","FCO2_raymond2012","FCO2_raymond2013","FCO2_brinkerhoff2019"
"1","MercedRiver",1,4424258.32490821,0.881285304070941,0.879196722984846,0.746492890220771,1.03434906207148,0.678824138950365,0.795967024285889,0.663467068392426
"2","MercedRiver",2,4424258.32490821,1.02405484287535,1.18813000294991,0.959074175362587,1.46030114706668,1.12277648413285,1.32851382754165,1.14498706919513
