"","river","timestep","sa","FCO2_obs","FCO2_BIKER","FCO2_BIKER_low","FCO2_BIKER_high","FCO2_raymond2012","FCO2_raymond2013","FCO2_brinkerhoff2019"
"1","Severn",1,3447013.98868302,1.92679663271044,2.98143010181682,2.6294912555544,3.38422759004016,1.80139044744113,2.84563072974879,1.63682400517179
"2","Severn",2,3447013.98868302,2.77869865196784,3.78890447804274,3.26171405334512,4.34557990360357,2.09123086520149,2.38569030012458,2.12522452191895
"3","Severn",3,3447013.98868302,2.03851394487214,3.10057048347537,2.70898850681372,3.52475207522157,1.51899987097485,1.69200028923446,1.55629565577528
"4","Severn",4,3447013.98868302,2.98355883894129,4.73659861527086,4.16963204305429,5.35161708686101,2.43857380176569,3.07350456467555,2.3945681029375
"5","Severn",5,3447013.98868302,5.2793914546686,5.34545561756075,4.67608100912533,6.1108933997695,3.42421588323337,3.29032884417122,3.69135462335929
"6","Severn",6,3447013.98868302,2.97909688102477,4.65102823436596,4.05208768564807,5.29539246323101,2.49574635474559,3.2578817352874,2.42134407774371
"7","Severn",7,3447013.98868302,2.13818438218534,3.50762760293875,3.03661654707433,4.070622181556,1.91699811578142,2.77351413105761,1.79526191055573
"8","Severn",8,3447013.98868302,1.52003705479806,2.63174225526836,2.27553651300743,3.03123699333008,1.38215929925656,2.06006026139864,1.28122551196517
