"","river","timestep","sa","FCO2_obs","FCO2_BIKER","FCO2_BIKER_low","FCO2_BIKER_high","FCO2_raymond2012","FCO2_raymond2013","FCO2_brinkerhoff2019"
"1","Platte",1,60496926.740367,0.288584564228115,1.05777492924296,0.936185149597808,1.19154094176393,0.667532591482921,0.780079325485108,0.623910605759631
"2","Platte",2,60496926.740367,0.707752633659527,1.03768963318963,0.862336017889826,1.23734914655252,1.74297735304748,2.06720430271235,1.79091049945555
