"","river","timestep","sa","FCO2_ulset","FCO2_BIKER","FCO2_BIKER_low","FCO2_BIKER_high","FCO2_raymond2012","FCO2_raymond2013","FCO2_Lauerwald2015"
"1","FresnoRiver",1,977386.443210751,1.71067190413519,1.80204204329954,1.16955831289062,2.56811323391604,1.89221455090151,2.6744307115937,2.58079183288518
"2","FresnoRiver",2,977386.443210751,2.86236148038458,3.11744902918649,2.4003918120957,4.00651520612478,3.07611856437203,3.38868612784267,4.47475948158139
