"","river","timestep","sa","FCO2_ulset","FCO2_BIKER","FCO2_BIKER_low","FCO2_BIKER_high","FCO2_raymond2012","FCO2_raymond2013","FCO2_Lauerwald2015"
"1","TuolumneRiver",1,4264872.03353036,1.12811351621789,0.616937799702878,0.421665591436159,0.875969116720823,1.36704708991707,1.76581293762628,2.03060599716648
"2","TuolumneRiver",2,4264872.03353036,1.02536189554456,0.923973400813647,0.703513344577778,1.20089788339649,1.55642937327143,1.94475828752783,2.33187285946254
