"","river","timestep","sa","FCO2_obs","FCO2_BIKER","FCO2_BIKER_low","FCO2_BIKER_high","FCO2_raymond2012","FCO2_raymond2013","FCO2_lauerwald2015","FCO2_horgby2019"
"1","StanislausRiver",1,4198504.19135723,0.098661669727185,0.0855263594970851,0.138714480811667,0.0544242503652475,0.119146126940151,0.0867457712212845,0.0842523859088143,0.161221873623314
"2","StanislausRiver",2,4198504.19135723,0.168858496996321,0.124396857661069,0.152713875426229,0.0988921968857706,0.121035661222635,0.105178789499622,0.0817691443001477,0.171017184923151
