"","river","timestep","sa","FCO2_obs","FCO2_BIKER","FCO2_BIKER_low","FCO2_BIKER_high","FCO2_raymond2012","FCO2_raymond2013","FCO2_lauerwald2015","FCO2_horgby2019"
"1","FresnoRiver",1,930685.310483719,1.71067190413519,1.84168984142058,1.26107572700174,2.54280180146093,1.89221455090151,2.6744307115937,2.58079183288518,1.44715779500279
"2","FresnoRiver",2,930685.310483719,2.86236148038457,3.06310700412955,2.48227699196709,3.84927420030475,3.07611856437203,3.38868612784267,4.47475948158139,2.21327397886005
