"","river","timestep","sa","FCO2_obs","FCO2_BIKER","FCO2_BIKER_low","FCO2_BIKER_high","FCO2_raymond2012","FCO2_raymond2013","FCO2_brinkerhoff2019"
"1","TuolumneRiver",1,4342451.80090943,0.603301677974467,0.23069577170459,0.194381693591807,0.272157096771987,0.755136699927229,0.923690017446062,0.777494615769905
"2","TuolumneRiver",2,4342451.80090943,0.537042960123789,0.418500129127557,0.302837872493252,0.566668969511132,0.893179960476577,1.03573482830254,0.926592038016188
