"","river","timestep","sa","FCO2_obs","FCO2_BIKER","FCO2_BIKER_low","FCO2_BIKER_high","FCO2_raymond2012","FCO2_raymond2013","FCO2_lauerwald2015","FCO2_horgby2019"
"1","Olentangy",1,217698.617258449,1.06579291202145,1.40047475489181,1.19695464186312,1.63807167158564,0.84777262180258,1.01939536760233,1.01603139839014,0.732861662323229
"2","Olentangy",2,217698.617258449,1.45837749492282,1.77118471690073,1.50645920648882,2.06476734166209,1.26206838260768,1.32253282572059,1.56732637063531,1.05484840960161
