"","river","timestep","sa","FCO2_obs","FCO2_BIKER","FCO2_BIKER_low","FCO2_BIKER_high","FCO2_raymond2012","FCO2_raymond2013","FCO2_lauerwald2015","FCO2_horgby2019"
"1","Platte",1,60496926.740367,0.869742385229822,1.56527610424951,1.26182966282378,1.92010560466672,1.72400956841147,2.81933624097709,2.27885008769528,1.35958799547893
"2","Platte",2,60496926.740367,1.66852814608191,1.91088726757998,1.68909195699126,2.15569279638336,3.46041326708099,3.60054126299113,5.12755655121201,2.44664840662671
