"","river","timestep","sa","FCO2_obs","FCO2_BIKER","FCO2_BIKER_low","FCO2_BIKER_high","FCO2_raymond2012","FCO2_raymond2013","FCO2_brinkerhoff2019"
"1","Platte",1,60496926.740367,0.295936404870125,0.732383352289728,0.547757418295491,0.968393913163194,0.586607255552539,0.959300415207826,0.522542518403451
"2","Platte",2,60496926.740367,0.567244741714313,0.727183227572686,0.621166072408819,0.856903524100215,1.17642680138149,1.22406571537503,1.21945031143004
