"","river","timestep","sa","FCO2_obs","FCO2_BIKER","FCO2_BIKER_low","FCO2_BIKER_high","FCO2_raymond2012","FCO2_raymond2013","FCO2_lauerwald2015","FCO2_horgby2019"
"1","SanJoaquinRiver2",1,5729331.1566084,0.138338087629611,0.0635451017810098,0.0993656088866089,0.0412919736106031,0.145584859887446,0.104347394817634,0.109058975982117,0.186524365659176
"2","SanJoaquinRiver2",2,5729331.1566084,0.150501207551313,0.0934614665185859,0.124590362325072,0.0681997496501504,0.151675443329488,0.139788248806236,0.106451443312974,0.206704204686084
