"","river","timestep","sa","FCO2_obs","FCO2_BIKER","FCO2_BIKER_low","FCO2_BIKER_high","FCO2_raymond2012","FCO2_raymond2013","FCO2_brinkerhoff2019"
"1","StanislausRiver",1,4198504.19135723,0.449313923820624,0.315084694231852,0.187737195308689,0.490660802334617,0.346277476719165,0.535748600124023,0.33997575152172
"2","StanislausRiver",2,4198504.19135723,0.38117693762698,0.508815207059194,0.388703600506148,0.648286709101008,0.598431576636097,0.725895353594579,0.638632200907151
