"","river","timestep","sa","FCO2_ulset","FCO2_BIKER","FCO2_BIKER_low","FCO2_BIKER_high","FCO2_raymond2012","FCO2_raymond2013","FCO2_Lauerwald2015"
"1","Severn",1,3361779.30571186,6.06415434492745,5.25903229442273,4.66071831106417,5.92993738877976,5.68058872877999,8.97371400513867,7.62312880767545
"2","Severn",2,3361779.30571186,8.05099550617809,10.2110132469776,8.57197288211894,11.9506512604029,6.06319323973655,6.91697467696874,8.85144307135014
"3","Severn",3,3361779.30571186,5.99867204176516,8.77193952398011,7.44567767257222,10.3284807022041,4.4708762532899,4.98010279933879,6.56696820156615
"4","Severn",4,3361779.30571186,8.8128033353733,13.2488413148493,11.3102058514857,15.3980863148409,7.20151575077006,9.07659067094691,10.2451831584262
"5","Severn",5,3361779.30571186,15.723649738495,14.6931765269008,12.3684916105062,17.2903029997416,10.1958988605327,9.79747744697144,15.5604482255278
"6","Severn",6,3361779.30571186,8.56879620342681,12.9091534778166,11.0039971643855,15.0524639417559,7.18498991822813,9.37907119388952,10.129333917989
"7","Severn",7,3361779.30571186,6.22391792740833,9.40817429961363,7.86956217722283,11.0290140988303,5.58520450059344,8.08069679473672,7.66732248258491
"8","Severn",8,3361779.30571186,4.45434460131275,7.09001327088986,5.96241148041457,8.38698183049267,4.04968518102999,6.03601585165039,5.51677653063194
