"","river","timestep","sa","FCO2_obs","FCO2_BIKER","FCO2_BIKER_low","FCO2_BIKER_high","FCO2_raymond2012","FCO2_raymond2013","FCO2_brinkerhoff2019"
"1","MiddleRiver",1,846470.536589752,0.112723387357327,0.176040362645134,0.11800649324474,0.254529653161149,0.0841377935079499,0.107931194101812,0.0766667674143356
"2","MiddleRiver",2,846470.536589752,0.267365950515094,0.42938682281248,0.291827488377302,0.607529687835069,0.217946513137353,0.2463795974333,0.207406505488577
