"","river","timestep","sa","FCO2_obs","FCO2_BIKER","FCO2_BIKER_low","FCO2_BIKER_high","FCO2_raymond2012","FCO2_raymond2013","FCO2_brinkerhoff2019"
"1","Platte",1,60496926.740367,0.285622816732038,0.251029969451988,0.221712053902366,0.282335871478017,0.664655390196616,1.22126087214089,0.618982266531868
"2","Platte",2,60496926.740367,0.706720404456885,0.7350024556929,0.622021355501628,0.866187819412965,1.74263186364069,1.55862322017111,1.79043890905119
