"","river","timestep","sa","FCO2_obs","FCO2_BIKER","FCO2_BIKER_low","FCO2_BIKER_high","FCO2_raymond2012","FCO2_raymond2013","FCO2_brinkerhoff2019"
"1","FresnoRiver",1,930685.310483719,0.58206901470983,1.1543586434982,0.781470020006365,1.6923997890239,0.64384026919507,0.909995216174445,0.597770671405322
"2","FresnoRiver",2,930685.310483719,0.973108845928954,1.41817792892851,1.06579422329055,1.92697233459112,1.04577923041171,1.15204193099936,1.05775540991903
