"","river","timestep","sa","FCO2_obs","FCO2_BIKER","FCO2_BIKER_low","FCO2_BIKER_high","FCO2_raymond2012","FCO2_raymond2013","FCO2_lauerwald2015","FCO2_horgby2019"
"1","MiddleRiver",1,846470.536589752,0.331288432845471,0.35157410710094,0.239861543163793,0.491019161071871,0.247276793288388,0.31720441504995,0.332537693839129,0.191659055691808
"2","MiddleRiver",2,846470.536589752,0.78644645059232,0.946615003585947,0.684225100620829,1.30729221213167,0.641081115024657,0.724715916617229,0.890757504161753,0.481744508497354
