"","river","timestep","sa","FCO2_obs","FCO2_BIKER","FCO2_BIKER_low","FCO2_BIKER_high","FCO2_raymond2012","FCO2_raymond2013","FCO2_brinkerhoff2019"
"1","MiddleRiver",1,846470.536589752,0.112723387357327,0.178749097399935,0.118124366660276,0.261538787406411,0.0841377935079499,0.107931194101812,0.0766667674143356
"2","MiddleRiver",2,846470.536589752,0.267365950515094,0.435085248936741,0.293475498774469,0.628154237840701,0.217946513137353,0.2463795974333,0.207406505488577
