"","river","timestep","sa_m2","FCO2_obs","FCO2_BIKER","FCO2_BIKER_low","FCO2_BIKER_high","FCO2_raymond2012","FCO2_raymond2013","FCO2_brinkerhoff2019"
"1","Brahmaputra",1,708911109.254286,72.7300621914939,289.054624253601,273.207341862522,305.319235816166,204.752867687621,249.984609449764,201.156990794413
"2","Brahmaputra",2,708911109.254286,98.9944021703617,106.27716432949,81.2075740508643,136.522942779395,217.312416844695,261.868572660808,209.991070679347
"3","Brahmaputra",3,708911109.254286,300.494312996615,280.753170235369,213.787534126401,361.796656135334,640.933799522551,832.355466738188,667.146602931984
"4","Brahmaputra",4,708911109.254286,89.5942085827267,98.2358746807623,74.6417692385066,127.475796443026,249.414195864042,304.634286783833,245.552975083285
"5","Brahmaputra",5,708911109.254286,225.301360079168,171.048249006554,125.823437177432,228.625831137213,290.617798478006,342.958207610422,271.178595140905
"6","Brahmaputra",6,708911109.254286,165.622076485626,110.042446982231,76.1513815789848,155.900621275106,217.073412586443,254.631743990672,200.249437060341
"7","Brahmaputra",7,708911109.254286,184.333904531237,108.238051183124,69.1872273926358,162.741759933981,242.164027269883,283.245812617182,221.979803910228
"8","Brahmaputra",8,708911109.254286,266.255941202012,142.899567127116,83.059781516929,231.407727490234,346.617882926106,404.882008922113,316.673928092591
