"","river","timestep","sa","FCO2_obs","FCO2_BIKER","FCO2_BIKER_low","FCO2_BIKER_high","FCO2_raymond2012","FCO2_raymond2013","FCO2_brinkerhoff2019"
"1","ChowchillaCanal",1,3032696.80171949,0.261378934064892,0.404575032248551,0.320647701901932,0.509894122256584,0.22802294687533,0.388039209708348,0.191379868749339
"2","ChowchillaCanal",2,3032696.80171949,0.47370638199362,0.637598359871669,0.543080802772147,0.746367828910112,0.543130680554916,0.54322908769604,0.547115419283274
