"","river","timestep","sa","FCO2_obs","FCO2_BIKER","FCO2_BIKER_low","FCO2_BIKER_high","FCO2_raymond2012","FCO2_raymond2013","FCO2_brinkerhoff2019"
"1","MiddleRiver",1,846470.536589752,0.166570479411792,0.313772497862938,0.265168483004366,0.368651244581052,0.135477660216915,0.157232285487414,0.127824994629963
"2","MiddleRiver",2,846470.536589752,0.420908077161629,0.840647886912618,0.583012962966055,1.1873328524587,0.343535681322722,0.401977420463281,0.333560353613946
