"","river","timestep","sa","FCO2_obs","FCO2_BIKER","FCO2_BIKER_low","FCO2_BIKER_high","FCO2_raymond2012","FCO2_raymond2013","FCO2_lauerwald2015","FCO2_horgby2019"
"1","MariposaBypass",1,864726.8479622,0.0840089199020075,0.0144719079086474,0.0222275065676816,0.00946215065143937,0.0907547570851742,0.0605254411621119,0.066145838997303,0.11933678182059
"2","MariposaBypass",2,864726.8479622,0.0897471247574153,0.0282508869800709,0.0406389974098801,0.0188823234983085,0.08041522957504,0.0738623244783523,0.0539545197638702,0.114365521981854
