"","river","timestep","sa","FCO2_obs","FCO2_BIKER","FCO2_BIKER_low","FCO2_BIKER_high","FCO2_raymond2012","FCO2_raymond2013","FCO2_lauerwald2015","FCO2_horgby2019"
"1","BerendaSlough",1,605715.2049756,0.0763394923735916,0.0251826008597192,0.0425857147323624,0.0162348442596885,0.0685406888348734,0.0510186046331846,0.051771743824225,0.0871280935194791
"2","BerendaSlough",2,605715.2049756,0.0797228001255717,0.0377336151469365,0.0571612736242256,0.0252477529567912,0.0713040794137139,0.0652936791692664,0.0510498232750848,0.0953596268294713
