"","river","timestep","sa","FCO2_obs","FCO2_BIKER","FCO2_BIKER_low","FCO2_BIKER_high","FCO2_raymond2012","FCO2_raymond2013","FCO2_lauerwald2015","FCO2_horgby2019"
"1","TuolumneRiver",1,4342451.80090943,0.108245320128217,0.199908818170464,0.364604394289971,0.111126284139016,0.0893261172966482,0.0691539891355231,0.0601362395631508,0.126632232459718
"2","TuolumneRiver",2,4342451.80090943,0.194741537316236,0.220443079526307,0.27847845884974,0.172770825518648,0.128294001175352,0.102676282767084,0.0856309772780067,0.183361827590459
