"","river","timestep","sa","FCO2_ulset","FCO2_BIKER","FCO2_BIKER_low","FCO2_BIKER_high","FCO2_raymond2012","FCO2_raymond2013","FCO2_Lauerwald2015"
"1","GrantLineCanal",1,2077443.75610418,0.5957872278684,0.464573750709349,0.353270816032745,0.616793154126214,0.427251739643764,0.575924570592651,0.627169795155374
"2","GrantLineCanal",2,2077443.75610418,1.37538575889078,1.40901442203635,1.03081562992789,1.91457104034821,1.09615379393006,1.32023920152673,1.656583775024
