"","river","timestep","sa","FCO2_obs","FCO2_BIKER","FCO2_BIKER_low","FCO2_BIKER_high","FCO2_raymond2012","FCO2_raymond2013","FCO2_lauerwald2015","FCO2_horgby2019"
"1","ChowchillaCanal",1,3032696.80171949,0.768179696114761,0.968640335560917,0.777550373827132,1.19028273140607,0.670148107629807,1.14042795093948,0.847161454839013,0.550763557236404
"2","ChowchillaCanal",2,3032696.80171949,1.3933887319013,1.7721764006944,1.53072586908729,2.03703322885113,1.59759758154429,1.59788704228789,2.31686910059881,1.15282359339705
