"","river","timestep","sa","FCO2_obs","FCO2_BIKER","FCO2_BIKER_low","FCO2_BIKER_high","FCO2_raymond2012","FCO2_raymond2013","FCO2_brinkerhoff2019"
"1","MercedRiver",1,4424258.32490821,0.66863345124988,1.34017519861966,0.88374712910658,1.96306504684197,0.461368436483474,0.715199604848125,0.444636766607743
"2","MercedRiver",2,4424258.32490821,0.709831605672478,1.0999147776995,0.814724061415164,1.51074738929361,0.720230859798435,0.861499184984291,0.758789389569402
