"","river","timestep","sa","FCO2_ulset","FCO2_BIKER","FCO2_BIKER_low","FCO2_BIKER_high","FCO2_raymond2012","FCO2_raymond2013","FCO2_Lauerwald2015"
"1","SanJoaquinRiver2",1,5211973.68468999,0.882714303749246,1.09938106138743,0.81520042902109,1.46176851031209,0.838775466064135,1.17025450340556,1.11969700434376
"2","SanJoaquinRiver2",2,5211973.68468999,1.32677042990341,1.63405607563211,1.33590065689018,1.96062517216336,1.31649888380459,1.42845019913383,1.87578999052896
