"","river","timestep","sa","FCO2_ulset","FCO2_BIKER","FCO2_BIKER_low","FCO2_BIKER_high","FCO2_raymond2012","FCO2_raymond2013","FCO2_Lauerwald2015"
"1","FresnoRiver",1,977386.443210751,1.71067190413519,1.84168984142058,1.26107572700174,2.54280180146093,1.89221455090151,2.6744307115937,2.58079183288518
"2","FresnoRiver",2,977386.443210751,2.86236148038458,3.06310700412955,2.48227699196709,3.84927420030475,3.07611856437203,3.38868612784267,4.47475948158139
