"","river","timestep","sa","FCO2_obs","FCO2_BIKER","FCO2_BIKER_low","FCO2_BIKER_high","FCO2_raymond2012","FCO2_raymond2013","FCO2_brinkerhoff2019"
"1","Severn",1,3447013.98868302,2.40147692003805,1.17725317568888,1.11191554751759,1.24507648914208,2.29419303678751,4.01392702682703,2.16063686743736
"2","Severn",2,3447013.98868302,4.63070437973329,6.12266546909743,4.99136181364426,7.45968435196626,3.33850543473491,3.4552977462326,3.38588635704383
"3","Severn",3,3447013.98868302,3.46335230009728,6.13627103201935,5.05487292270329,7.42297349536885,2.45398078622857,2.44597179941989,2.50191753437914
"4","Severn",4,3447013.98868302,4.56452619310267,8.69836486207256,7.14074387660955,10.480001741843,3.6182393355011,4.39968899778649,3.58696795734722
"5","Severn",5,3447013.98868302,10.1477691724591,9.13647508997554,7.49170902376884,11.026659714122,6.12867034003776,4.81409144627825,6.46198206463968
"6","Severn",6,3447013.98868302,4.41990712839973,8.271759823632,6.76231474874679,9.9949112979672,3.61373766363244,4.64988462285062,3.55405720336981
"7","Severn",7,3447013.98868302,2.89306852590961,5.5944704496792,4.58270553042255,6.76552162964453,2.58430889668338,3.92599375587904,2.48281438749256
"8","Severn",8,3447013.98868302,2.00112190106928,4.20391268281628,3.44176783928522,5.09717850555391,1.82845355421593,2.91329093435958,1.74487913672489
