"","river","timestep","sa","FCO2_obs","FCO2_BIKER","FCO2_BIKER_low","FCO2_BIKER_high","FCO2_raymond2012","FCO2_raymond2013","FCO2_brinkerhoff2019"
"1","TuolumneRiver",1,4342451.80090943,0.383849130437286,0.248055217157196,0.155646710583928,0.374278201347259,0.46514808056793,0.60083116714634,0.483723759571337
"2","TuolumneRiver",2,4342451.80090943,0.348589351020345,0.321375405805223,0.252514870202573,0.412048092734409,0.529134842532395,0.661153912863832,0.556588016805244
