"","river","timestep","sa","FCO2_obs","FCO2_BIKER","FCO2_BIKER_low","FCO2_BIKER_high","FCO2_raymond2012","FCO2_raymond2013","FCO2_brinkerhoff2019"
"1","MariposaBypass",1,864726.8479622,0.802021730520447,1.1747814624554,1.00140711368504,1.37192198721915,0.809194378993235,0.944891167802375,0.777169905013635
"2","MariposaBypass",2,864726.8479622,1.40057633676384,1.81283990724679,1.3642204067963,2.36815984901453,1.6971378279765,2.01737058789925,1.75262451640831
