"","river","timestep","sa","FCO2_obs","FCO2_BIKER","FCO2_BIKER_low","FCO2_BIKER_high","FCO2_raymond2012","FCO2_raymond2013","FCO2_brinkerhoff2019"
"1","Severn",1,3447013.98868302,1.84043513724485,2.59270501610996,2.22079472108517,3.02294899921612,1.68813111434489,3.16521376365283,1.50599660494061
"2","Severn",2,3447013.98868302,3.170253526341,4.99261135566911,4.0984787078663,6.06493344720045,2.14930584451432,2.57697716794054,2.23599437072625
"3","Severn",3,3447013.98868302,2.36002068089131,4.2484070402806,3.51550459880445,5.10517868923083,1.5789142859682,1.83108549464168,1.66128074497703
"4","Severn",4,3447013.98868302,3.21558964236749,6.27258225970463,5.14510786455192,7.54446335402399,2.44589111663916,3.36229364102832,2.42744938019456
"5","Severn",5,3447013.98868302,6.72763942050141,6.94378917059887,5.65081502590028,8.42450047427216,3.71422403415324,3.51568878276822,4.19095146581082
"6","Severn",6,3447013.98868302,3.14876019249874,6.10165939388561,5.00457611957962,7.32843187846777,2.47863278037984,3.57556996635877,2.41955726711941
"7","Severn",7,3447013.98868302,2.13735490675141,4.59308458935419,3.76833651232466,5.56370914304516,1.84930258923358,3.07213243322241,1.7198038152716
"8","Severn",8,3447013.98868302,1.49570629376332,3.45876786515179,2.82034761394023,4.19204997835102,1.31996407422969,2.28469529714384,1.21033421252579
