"","river","timestep","sa","FCO2_obs","FCO2_BIKER","FCO2_BIKER_low","FCO2_BIKER_high","FCO2_raymond2012","FCO2_raymond2013","FCO2_brinkerhoff2019"
"1","MariposaBypass",1,864726.8479622,0.537803954276165,1.7742182805485,1.18703772731519,2.60032174246958,0.480151286446706,0.838128900411047,0.446043822815728
"2","MariposaBypass",2,864726.8479622,0.854464462257613,1.78840030641803,1.27441818551075,2.53301852758423,0.992077828453963,1.11502988329266,1.07205140011689
