"","river","timestep","sa","FCO2_obs","FCO2_BIKER","FCO2_BIKER_low","FCO2_BIKER_high","FCO2_raymond2012","FCO2_raymond2013","FCO2_brinkerhoff2019"
"1","Olentangy",1,217698.617258449,0.3626440749307,0.53916079128228,0.457193785879902,0.632557365014332,0.288461027200923,0.346856960581239,0.22553618839056
"2","Olentangy",2,217698.617258449,0.495800425885564,0.624038875285388,0.53002971292225,0.734407801535065,0.429061778429808,0.449617702222296,0.351705889450371
