"","river","timestep","sa","FCO2_obs","FCO2_BIKER","FCO2_BIKER_low","FCO2_BIKER_high","FCO2_raymond2012","FCO2_raymond2013","FCO2_brinkerhoff2019"
"1","FresnoRiver",1,930685.310483719,0.58206901470983,1.13835532876869,0.735576460753448,1.72152252741204,0.64384026919507,0.909995216174445,0.597770671405322
"2","FresnoRiver",2,930685.310483719,0.973108845928954,1.40291290180435,1.03399080434125,1.93982025980692,1.04577923041171,1.15204193099936,1.05775540991903
