"","river","timestep","sa","FCO2_obs","FCO2_BIKER","FCO2_BIKER_low","FCO2_BIKER_high","FCO2_raymond2012","FCO2_raymond2013","FCO2_lauerwald2015","FCO2_horgby2019"
"1","MiddleRiver",1,846470.536589752,0.368600278781642,0.243269799527893,0.404997176908887,0.148087781619266,0.4938312531478,0.384966295897064,0.367215539670665,0.637136650095651
"2","MiddleRiver",2,846470.536589752,0.253902286282106,0.160861068016667,0.251109068538281,0.101818207796228,0.31147470603023,0.275529414030108,0.224169373719446,0.414494713113963
