"","river","timestep","sa","FCO2_ulset","FCO2_BIKER","FCO2_BIKER_low","FCO2_BIKER_high","FCO2_raymond2012","FCO2_raymond2013","FCO2_Lauerwald2015"
"1","Severn",1,3361779.30571186,6.06415434492745,6.00598899257046,5.40245855544489,6.63491160122129,5.68058872877999,8.97371400513867,7.62312880767545
"2","Severn",2,3361779.30571186,8.05099550617809,10.3132986433806,8.93570557799066,11.7715652913527,6.06319323973655,6.91697467696874,8.85144307135014
"3","Severn",3,3361779.30571186,5.99867204176516,8.80500982852357,7.77756122865278,9.928620427213,4.4708762532899,4.98010279933879,6.56696820156615
"4","Severn",4,3361779.30571186,8.8128033353733,13.3184073885985,11.690978163469,14.9910667185485,7.20151575077006,9.07659067094691,10.2451831584262
"5","Severn",5,3361779.30571186,15.723649738495,14.7907185288729,12.9748463773422,17.0026692614193,10.1958988605327,9.79747744697144,15.5604482255278
"6","Severn",6,3361779.30571186,8.56879620342681,13.0036473994425,11.4403598045578,14.7528342452182,7.18498991822813,9.37907119388952,10.129333917989
"7","Severn",7,3361779.30571186,6.22391792740833,9.50042746725508,8.32761539087072,10.8218949769441,5.58520450059344,8.08069679473672,7.66732248258491
"8","Severn",8,3361779.30571186,4.45434460131275,7.13084788164823,6.20890092872471,8.13087992499794,4.04968518102999,6.03601585165039,5.51677653063194
