"","river","timestep","sa","FCO2_obs","FCO2_BIKER","FCO2_BIKER_low","FCO2_BIKER_high","FCO2_raymond2012","FCO2_raymond2013","FCO2_brinkerhoff2019"
"1","SanJoaquinRiver2",1,5729331.1566084,0.394570002425283,0.774469705470715,0.654783075486146,0.911250607690502,0.40315470624429,0.468661709580837,0.377836027036298
"2","SanJoaquinRiver2",2,5729331.1566084,0.637953850249527,1.0358573647434,0.83842679567728,1.26827454593573,0.691324248104208,0.810766736163935,0.686487574236779
