"","river","timestep","sa","FCO2_obs","FCO2_BIKER","FCO2_BIKER_low","FCO2_BIKER_high","FCO2_raymond2012","FCO2_raymond2013","FCO2_brinkerhoff2019"
"1","StanislausRiver",1,4198504.19135723,0.633423361057419,0.69898879720317,0.595872739498903,0.82096709379085,0.516441315472283,0.606811355048267,0.509188386252807
"2","StanislausRiver",2,4198504.19135723,0.628089106081553,0.861686127517298,0.662504992506934,1.10335511732903,0.913922963912251,1.08481844712459,0.937979994188522
