"","river","timestep","sa","FCO2_obs","FCO2_BIKER","FCO2_BIKER_low","FCO2_BIKER_high","FCO2_raymond2012","FCO2_raymond2013","FCO2_lauerwald2015","FCO2_horgby2019"
"1","GrantLineCanal",1,2098202.1007299,0.5957872278684,0.482365665243175,0.381153552888979,0.622556915212021,0.427251739643764,0.575924570592651,0.627169795155374,0.304781325356832
"2","GrantLineCanal",2,2098202.1007299,1.37538575889078,1.40404198212875,1.0862824881382,1.86382414480141,1.09615379393006,1.32023920152673,1.656583775024,0.760677697340708
