"","river","timestep","sa","FCO2_obs","FCO2_BIKER","FCO2_BIKER_low","FCO2_BIKER_high","FCO2_raymond2012","FCO2_raymond2013","FCO2_lauerwald2015","FCO2_horgby2019"
"1","FresnoRiver",1,930685.310483719,0.0713830679096273,0.0206329707084207,0.0371979085045223,0.0127641332311457,0.064534441216402,0.0456594400350745,0.0473161016506544,0.0843812672851881
"2","FresnoRiver",2,930685.310483719,0.0697607738268645,0.0324360706818477,0.052026518321771,0.0210255480430892,0.0649131519690304,0.0589256556407482,0.0446237507659898,0.0902195361943773
