"","river","timestep","sa","FCO2_obs","FCO2_BIKER","FCO2_BIKER_low","FCO2_BIKER_high","FCO2_raymond2012","FCO2_raymond2013","FCO2_brinkerhoff2019"
"1","SanJoaquinRiver2",1,5729331.1566084,0.340162275038328,0.275311351295232,0.236474864775857,0.320020850482279,0.359112937069877,0.527855982373862,0.336632878086644
"2","SanJoaquinRiver2",2,5729331.1566084,0.613128133503625,0.726868340295286,0.598080380656546,0.874304618591366,0.666932306104055,0.653352382089909,0.662072375179867
