"","river","timestep","sa","FCO2_obs","FCO2_BIKER","FCO2_BIKER_low","FCO2_BIKER_high","FCO2_raymond2012","FCO2_raymond2013","FCO2_lauerwald2015","FCO2_horgby2019"
"1","BerendaSlough",1,605715.2049756,1.59960467259037,2.17427865679598,1.64872968919611,2.91284651275122,1.7816133858556,2.39349957886827,2.35868061772404,1.40153426720709
"2","BerendaSlough",2,605715.2049756,2.50468562982384,3.13362407878067,2.54337436957499,3.93161240979732,2.80040852480921,3.05819115087983,3.91148370422063,2.09397371280532
