"","river","timestep","sa","FCO2_obs","FCO2_BIKER","FCO2_BIKER_low","FCO2_BIKER_high","FCO2_raymond2012","FCO2_raymond2013","FCO2_brinkerhoff2019"
"1","GrantLineCanal",1,2098202.1007299,0.223807915001458,0.367840178222633,0.270123211563364,0.493339727639457,0.139399352933361,0.210171618016309,0.146508449591982
"2","GrantLineCanal",2,2098202.1007299,0.550190549086443,1.24771693466849,0.891235395056985,1.69895491339775,0.395827445040972,0.511186816604005,0.438729943595797
