"","river","timestep","sa","FCO2_obs","FCO2_BIKER","FCO2_BIKER_low","FCO2_BIKER_high","FCO2_raymond2012","FCO2_raymond2013","FCO2_lauerwald2015","FCO2_horgby2019"
"1","SanJoaquin",1,18434115.0885987,1.26959681592601,1.1711942470431,0.872991429762551,1.51758903330299,1.22893124414472,1.70618346560132,1.81081492239595,0.873975019044181
"2","SanJoaquin",2,18434115.0885987,1.67647714844919,1.68760572750567,1.43509612574885,2.00751472193077,1.99817971029107,2.38417242845916,3.05755627929274,1.37065348239538
