"","river","timestep","sa","FCO2_obs","FCO2_BIKER","FCO2_BIKER_low","FCO2_BIKER_high","FCO2_raymond2012","FCO2_raymond2013","FCO2_lauerwald2015","FCO2_horgby2019"
"1","MariposaBypass",1,864726.8479622,1.45357194029412,3.24225709604131,2.55923763561682,3.99317602255463,1.34552735995282,2.01754842855099,1.8461177687829,1.02326379881399
"2","MariposaBypass",2,864726.8479622,2.22492422329484,3.97180936867561,3.2101338252775,4.81207591103363,2.48311859456304,2.70341548623155,3.70090499772274,1.74598557662789
