"","river","timestep","sa","FCO2_obs","FCO2_BIKER","FCO2_BIKER_low","FCO2_BIKER_high","FCO2_raymond2012","FCO2_raymond2013","FCO2_lauerwald2015","FCO2_horgby2019"
"1","SanJoaquin",1,18434115.0885987,0.0961825102049491,0.0599111756848468,0.093866251954155,0.0396318970511126,0.0993652080096308,0.0715708545803644,0.0674353890028708,0.139721394826047
"2","SanJoaquin",2,18434115.0885987,0.119107231511357,0.0939119555134266,0.12094668036716,0.070229149244778,0.0999312278147147,0.0837525631369233,0.0653072367616489,0.145682737765983
