"","river","timestep","sa_m2","FCO2_obs","FCO2_BIKER","FCO2_BIKER_low","FCO2_BIKER_high","FCO2_raymond2012","FCO2_raymond2013","FCO2_brinkerhoff2019","FCO2_brinkerhoff2019_low","FCO2_brinkerhoff2019_high"
"1","Platte",1,51110790.2096178,98.7757634810031,335.828296043021,296.043483564191,379.448122577661,228.480832121215,267.002953386066,259.000773722895,NA,506.479153015266
"2","Platte",2,51110790.2096178,226.661540915566,351.738167735482,289.98639761981,422.244031792877,547.36599080494,646.033962411937,653.979750990808,338.869777888868,935.950112077561
