"","river","timestep","sa_m2","FCO2_obs","FCO2_BIKER","FCO2_BIKER_low","FCO2_BIKER_high","FCO2_raymond2012","FCO2_raymond2013","FCO2_brinkerhoff2019"
"1","Severn",1,3405384.71155507,1057.70707107601,1472.87754607576,1387.11864083571,1561.99048195612,956.910965416342,1116.06174991144,845.189507820143
"2","Severn",2,3405384.71155507,1539.02529268525,2583.92594173922,2116.96485934115,3117.21416991794,1181.92970001002,1390.31662491393,1080.01314318572
"3","Severn",3,3405384.71155507,1447.61467964108,2080.15354326295,1694.40576403516,2513.7573342702,977.729147505562,1162.5241816573,914.733147888861
"4","Severn",4,3405384.71155507,3386.66925855454,3201.3002523482,2617.77559851535,3859.85956205636,2006.04916392959,2415.30520398249,1915.29086307194
"5","Severn",5,3405384.71155507,2058.70516581846,3843.25548118513,3150.0297259902,4620.3777909369,1652.05836629389,1938.12734111196,1497.43191236366
"6","Severn",6,3405384.71155507,1568.43702710714,2917.68026018591,2358.19126276412,3548.85550376101,1319.31934095186,1543.58495356979,1184.36670254817
"7","Severn",7,3405384.71155507,1043.31056287154,2348.27397235959,1911.51782357062,2851.98417648022,943.886398462704,1100.87097301425,833.685587674002
