"","river","timestep","sa","FCO2_obs","FCO2_BIKER","FCO2_BIKER_low","FCO2_BIKER_high","FCO2_raymond2012","FCO2_raymond2013","FCO2_brinkerhoff2019"
"1","SanJoaquin",1,18434115.0885987,0.431989890018318,0.576095300863505,0.401138235687861,0.791630549195864,0.418153122580839,0.580541789653591,0.430278128415708
"2","SanJoaquin",2,18434115.0885987,0.569947141314402,0.659365890872929,0.541671285003011,0.815622672134619,0.679315441171583,0.810540281600565,0.734914109724638
