"","river","timestep","sa","FCO2_obs","FCO2_BIKER","FCO2_BIKER_low","FCO2_BIKER_high","FCO2_raymond2012","FCO2_raymond2013","FCO2_brinkerhoff2019"
"1","AshSlough",1,399478.7841752,0.868990697814178,2.25744443481943,1.64102429814343,3.12034358205329,0.999730923287436,1.38720109975469,0.929978558091724
"2","AshSlough",2,399478.7841752,1.36863021710874,2.78804078817863,2.10768645598166,3.76093419435145,1.66320220326515,1.84592744776127,1.67051955359558
