"","river","timestep","sa","FCO2_obs","FCO2_BIKER","FCO2_BIKER_low","FCO2_BIKER_high","FCO2_raymond2012","FCO2_raymond2013","FCO2_brinkerhoff2019"
"1","BerendaSlough",1,605715.2049756,0.52434089843136,1.11600697060332,0.767233479203841,1.66192193838854,0.606128990351865,0.909639031362395,0.527536805421192
"2","BerendaSlough",2,605715.2049756,0.885507503537802,1.48104214412605,1.05969479049287,2.06707451896362,1.03181440315293,1.16460875531815,0.990340762802763
