"","river","timestep","sa","FCO2_ulset","FCO2_BIKER","FCO2_BIKER_low","FCO2_BIKER_high","FCO2_raymond2012","FCO2_raymond2013","FCO2_Lauerwald2015"
"1","MiddleRiver",1,760783.032801111,0.331288432845471,0.341951707036499,0.244138545531857,0.468179462321138,0.247276793288388,0.31720441504995,0.332537693839129
"2","MiddleRiver",2,760783.032801111,0.78644645059232,0.946585034900067,0.661369156344878,1.33615059829507,0.641081115024657,0.724715916617229,0.890757504161753
