"","river","timestep","sa","FCO2_obs","FCO2_BIKER","FCO2_BIKER_low","FCO2_BIKER_high","FCO2_raymond2012","FCO2_raymond2013","FCO2_brinkerhoff2019"
"1","Platte",1,60496926.740367,0.228263650139369,0.657321364236063,0.45200541046095,0.928794931836463,0.581989501594953,1.13980653477209,0.506877571498009
"2","Platte",2,60496926.740367,0.505048893015488,0.666586649783058,0.540710488579561,0.822654993269154,1.37669636000484,1.45417769628422,1.47201805254047
