"","river","timestep","sa","FCO2_obs","FCO2_BIKER","FCO2_BIKER_low","FCO2_BIKER_high","FCO2_raymond2012","FCO2_raymond2013","FCO2_brinkerhoff2019"
"1","SanJoaquin",1,18434115.0885987,0.626006997782941,0.255387702969241,0.215586910531775,0.299349897592896,0.666708363463242,0.907015159855655,0.681975754960434
"2","SanJoaquin",2,18434115.0885987,0.847309755984034,0.771626951126367,0.620018759447226,0.940704195532334,1.17310620416736,1.25185617278771,1.23990141402084
