"","river","timestep","sa","FCO2_ulset","FCO2_BIKER","FCO2_BIKER_low","FCO2_BIKER_high","FCO2_raymond2012","FCO2_raymond2013","FCO2_Lauerwald2015"
"1","ChowchillaCanal",1,3088295.81426068,0.768179696114761,0.953994868178293,0.749511357680043,1.19936434146611,0.670148107629807,1.14042795093948,0.847161454839013
"2","ChowchillaCanal",2,3088295.81426068,1.3933887319013,1.78309801410383,1.46780099920247,2.12330847604163,1.59759758154429,1.59788704228789,2.31686910059881
