"","river","timestep","sa","FCO2_ulset","FCO2_BIKER","FCO2_BIKER_low","FCO2_BIKER_high","FCO2_raymond2012","FCO2_raymond2013","FCO2_Lauerwald2015"
"1","BerendaSlough",1,564723.489165112,1.59960467259037,2.10771727942961,1.52046055040242,2.85245725684365,1.7816133858556,2.39349957886827,2.35868061772404
"2","BerendaSlough",2,564723.489165112,2.50468562982384,3.20149546519735,2.49210725200122,4.27120169586045,2.80040852480921,3.05819115087983,3.91148370422063
