"","river","timestep","sa","FCO2_obs","FCO2_BIKER","FCO2_BIKER_low","FCO2_BIKER_high","FCO2_raymond2012","FCO2_raymond2013","FCO2_brinkerhoff2019"
"1","AshSlough",1,399478.7841752,1.2370336567114,2.07608817186198,1.77262140519755,2.41951746462498,1.40899423926649,1.65534287675939,1.34784589787022
"2","AshSlough",2,399478.7841752,2.53350813142829,4.64178916421506,3.42316693814736,6.18471485517338,2.76198963533922,3.27520424417807,2.77915267322381
