"","river","timestep","sa","FCO2_obs","FCO2_BIKER","FCO2_BIKER_low","FCO2_BIKER_high","FCO2_raymond2012","FCO2_raymond2013","FCO2_brinkerhoff2019"
"1","GrantLineCanal",1,2098202.1007299,0.202721096818022,0.43612175094697,0.342700633773813,0.57709810111879,0.145375626107116,0.195962677905508,0.148821543686663
"2","GrantLineCanal",2,2098202.1007299,0.467585962749019,1.14246606866986,0.879512749377455,1.52866056693775,0.3726562702446,0.448837945365039,0.396534843955213
