"","river","timestep","sa","FCO2_obs","FCO2_BIKER","FCO2_BIKER_low","FCO2_BIKER_high","FCO2_raymond2012","FCO2_raymond2013","FCO2_brinkerhoff2019"
"1","GrantLineCanal",1,2098202.1007299,0.362501021309914,0.514957078514923,0.441255592875545,0.597353174196655,0.335776992170823,0.394674639590703,0.342143103207273
"2","GrantLineCanal",2,2098202.1007299,0.874734862903544,1.79564635882428,1.28813987160742,2.45269467140092,0.801078505261392,0.954891673960029,0.83739482598869
