"","river","timestep","sa","FCO2_ulset","FCO2_BIKER","FCO2_BIKER_low","FCO2_BIKER_high","FCO2_raymond2012","FCO2_raymond2013","FCO2_Lauerwald2015"
"1","AshSlough",1,436140.746072533,2.55392047014669,3.81117104655126,2.98064975340861,4.7619378927983,2.93815949473881,4.07691508526492,4.01315021905667
"2","AshSlough",2,436140.746072533,4.02577207136852,6.339430063327,4.89405539969369,8.06518221013246,4.89224400809168,5.42972314367618,7.07926498270461
