"","river","timestep","sa","FCO2_obs","FCO2_BIKER","FCO2_BIKER_low","FCO2_BIKER_high","FCO2_raymond2012","FCO2_raymond2013","FCO2_brinkerhoff2019"
"1","BerendaSlough",1,605715.2049756,0.544277551673833,1.14414857130219,0.84000551309869,1.56681727126355,0.606207388799705,0.81440627990237,0.541000986414704
"2","BerendaSlough",2,605715.2049756,0.851510809992188,1.38620931393939,1.07504456958683,1.82223258332719,0.952046876811855,1.03968449892044,0.912330756078611
