"","river","timestep","sa","FCO2_obs","FCO2_BIKER","FCO2_BIKER_low","FCO2_BIKER_high","FCO2_raymond2012","FCO2_raymond2013","FCO2_lauerwald2015","FCO2_horgby2019"
"1","MercedRiver",1,4424258.32490821,0.070836004797143,0.0186881327401861,0.0263987083636302,0.013372660423009,0.0924641552178016,0.0672356514801119,0.0660512439849544,0.123920934804331
"2","MercedRiver",2,4424258.32490821,0.105386423459869,0.0438215577694495,0.0588846058864921,0.0321425958008019,0.103183094410074,0.0905730539018308,0.0702055283602896,0.14481336449562
