"","river","timestep","sa","FCO2_obs","FCO2_BIKER","FCO2_BIKER_low","FCO2_BIKER_high","FCO2_raymond2012","FCO2_raymond2013","FCO2_brinkerhoff2019"
"1","GrantLineCanal",1,2098202.1007299,0.202721096818022,0.306786914923591,0.18417277265152,0.480509379569008,0.145375626107116,0.195962677905508,0.148821543686663
"2","GrantLineCanal",2,2098202.1007299,0.467585962749019,0.795767828435501,0.490039506827829,1.24876350048484,0.3726562702446,0.448837945365039,0.396534843955213
