"","river","timestep","sa","FCO2_obs","FCO2_BIKER","FCO2_BIKER_low","FCO2_BIKER_high","FCO2_raymond2012","FCO2_raymond2013","FCO2_brinkerhoff2019"
"1","FresnoRiver",1,930685.310483719,0.77123237301296,1.04524722308986,0.890285759916369,1.21307065467827,0.794844666044217,0.93456894006157,0.759188726990203
"2","FresnoRiver",2,930685.310483719,1.54192517487587,1.95241733264539,1.48634011799704,2.52602762300791,1.50571217132832,1.7884892450743,1.52208705358912
