"","river","timestep","sa","FCO2_obs","FCO2_BIKER","FCO2_BIKER_low","FCO2_BIKER_high","FCO2_raymond2012","FCO2_raymond2013","FCO2_brinkerhoff2019"
"1","StanislausRiver",1,4198504.19135723,0.421134895851789,0.426649153316835,0.294683060687007,0.604819486245126,0.348730362221451,0.478984409500837,0.339727291454257
"2","StanislausRiver",2,4198504.19135723,0.40202197293779,0.526877259658365,0.437909815743073,0.632057667986827,0.560866321743822,0.645423154542149,0.580561262430134
