"","river","timestep","sa","FCO2_obs","FCO2_BIKER","FCO2_BIKER_low","FCO2_BIKER_high","FCO2_raymond2012","FCO2_raymond2013","FCO2_brinkerhoff2019"
"1","MercedRiver",1,4424258.32490821,0.586564306161963,1.6053352831529,1.23050895588538,2.06678561953024,0.449361938226223,0.617973814344791,0.431899161786391
"2","MercedRiver",2,4424258.32490821,0.644151531868063,1.24186827954107,0.979984182106164,1.55144964251628,0.657906476810827,0.749503557463669,0.674607780894628
