"","river","timestep","sa","FCO2_obs","FCO2_BIKER","FCO2_BIKER_low","FCO2_BIKER_high","FCO2_raymond2012","FCO2_raymond2013","FCO2_brinkerhoff2019"
"1","Severn",1,3447013.98868302,2.89971844216839,4.03791399358499,3.80280477865672,4.28221832951533,2.62338453604942,3.05969859455007,2.4710827611527
"2","Severn",2,3447013.98868302,5.02757884877023,7.17750753262089,5.87639168960894,8.67619341955819,3.5362084971266,4.18788886224013,3.58950410515455
"3","Severn",3,3447013.98868302,3.73353127898272,6.62289824852241,5.47320645548229,7.95163529866607,2.58708694640751,3.06869789013255,2.63791952969053
"4","Severn",4,3447013.98868302,5.12426585906444,9.58021037033268,7.92872584964027,11.4534887023629,3.93086864867219,4.62493674904502,3.89838463079223
"5","Severn",5,3447013.98868302,10.5537535159064,10.3382998514386,8.47452132280902,12.3890721869772,6.31309483634683,7.58688961313806,6.65725242871406
"6","Severn",6,3447013.98868302,5.01120276008211,9.23673889068233,7.5935393002641,11.1745210548379,3.95644594128299,4.64633114142507,3.89241613105242
"7","Severn",7,3447013.98868302,3.38097628357097,6.6066591153283,5.37197824095986,8.03160028123746,2.89402731699668,3.38376544227822,2.77985269140629
"8","Severn",8,3447013.98868302,2.3757846357389,4.95226058004688,4.04477637885415,5.99094826027582,2.06932322184134,2.41711868806101,1.97504665475168
