"","river","timestep","sa_m2","FCO2_obs","FCO2_BIKER","FCO2_BIKER_low","FCO2_BIKER_high","FCO2_raymond2012","FCO2_raymond2013","FCO2_brinkerhoff2019","FCO2_brinkerhoff2019_low","FCO2_brinkerhoff2019_high"
"1","Brahmaputra",1,708911109.254286,69.0205758708196,243.852740118986,230.592401002491,257.56179809057,194.30975875962,237.234524255399,245.979113950071,193.789274780835,294.763021049068
"2","Brahmaputra",2,708911109.254286,95.052885907364,101.777238144013,77.3993597794868,132.145242991292,208.660004118663,251.44213222295,259.808874015646,191.113892108842,323.767063552179
"3","Brahmaputra",3,708911109.254286,291.647514859127,273.409089111326,206.999758042217,355.735188685663,622.064184695821,807.850241599534,834.337540794762,747.730160641904,915.437983596841
"4","Brahmaputra",4,708911109.254286,86.274432794417,94.3864781677409,71.3465910070803,123.26654758217,240.172535919854,293.346531184986,304.681341141259,241.016782960095,364.186108656708
"5","Brahmaputra",5,708911109.254286,220.871557308596,167.35309964399,122.955134651761,225.268592593739,284.903764934564,336.215073801867,342.554651734412,192.797476979344,478.038625026599
"6","Brahmaputra",6,708911109.254286,161.843770950783,107.375319547538,72.5798068285742,152.877275604975,212.121357319138,248.822877515373,252.143368539666,120.330506087822,368.768871214182
"7","Brahmaputra",7,708911109.254286,180.834507044596,105.476911952602,66.4645435848153,157.881794191008,237.56678190399,277.868670049216,280.600235217378,117.480771897562,422.30801175525
"8","Brahmaputra",8,708911109.254286,262.949034392993,140.879882303736,79.5605755558094,225.025570226585,342.312878380474,399.853362176769,402.979603502516,154.675094408769,616.084656555426
