"","river","timestep","sa","FCO2_obs","FCO2_BIKER","FCO2_BIKER_low","FCO2_BIKER_high","FCO2_raymond2012","FCO2_raymond2013","FCO2_brinkerhoff2019"
"1","Severn",1,3447013.98868302,1.92679663271044,3.57708245546852,3.17758299807579,4.0032228419755,1.80139044744113,2.84563072974879,1.63682400517179
"2","Severn",2,3447013.98868302,2.77869865196784,4.5865734075034,3.99365250566391,5.25878788563865,2.09123086520149,2.38569030012458,2.12522452191895
"3","Severn",3,3447013.98868302,2.03851394487214,3.41995948310579,3.00811142881324,3.86651516734212,1.51899987097485,1.69200028923446,1.55629565577528
"4","Severn",4,3447013.98868302,2.98355883894129,5.35175284518801,4.7038635920233,6.06781206711812,2.43857380176569,3.07350456467555,2.3945681029375
"5","Severn",5,3447013.98868302,5.2793914546686,6.23968661673047,5.46705578114553,7.09001739173099,3.42421588323337,3.29032884417122,3.69135462335929
"6","Severn",6,3447013.98868302,2.97909688102477,5.33503231668754,4.66390104945193,6.0817863001477,2.49574635474559,3.2578817352874,2.42134407774371
"7","Severn",7,3447013.98868302,2.13818438218534,4.30594730870373,3.77052409356111,4.87774508087951,1.91699811578142,2.77351413105761,1.79526191055573
"8","Severn",8,3447013.98868302,1.52003705479806,3.23774499313701,2.83603810848671,3.68208031584994,1.38215929925656,2.06006026139864,1.28122551196517
