"","river","timestep","sa","FCO2_ulset","FCO2_BIKER","FCO2_BIKER_low","FCO2_BIKER_high","FCO2_raymond2012","FCO2_raymond2013","FCO2_Lauerwald2015"
"1","Platte",1,60389609.4262236,0.869742385229822,1.51497643307789,1.14872994605299,1.94774059215351,1.72400956841147,2.81933624097709,2.27885008769528
"2","Platte",2,60389609.4262236,1.66852814608191,1.91313233775833,1.6310978472722,2.23174949896348,3.46041326708099,3.60054126299113,5.12755655121201
