"","river","timestep","sa","FCO2_obs","FCO2_BIKER","FCO2_BIKER_low","FCO2_BIKER_high","FCO2_raymond2012","FCO2_raymond2013","FCO2_brinkerhoff2019"
"1","ChowchillaCanal",1,3032696.80171949,0.198666400760043,0.253951013952072,0.218686210890718,0.29231522964056,0.248312521575179,0.498977975011853,0.221909156983558
"2","ChowchillaCanal",2,3032696.80171949,0.635435589894235,0.867816559507651,0.705481230700159,1.05732049546794,0.820572530945876,0.701300448712202,0.827299079068972
